USE nodepress_cms;

INSERT IGNORE INTO roles (id, name, slug, description) VALUES
(1, 'Super Admin', 'super-admin', 'Full access to every CMS feature.'),
(2, 'Admin', 'admin', 'Administrative access without role ownership.'),
(3, 'Editor', 'editor', 'Can publish and manage editorial content.'),
(4, 'Author', 'author', 'Can create and edit own posts.'),
(5, 'Subscriber', 'subscriber', 'Can access subscriber-only features.');

INSERT IGNORE INTO permissions (id, name, slug) VALUES
(1, 'View Dashboard', 'view_dashboard'),
(2, 'Manage Posts', 'manage_posts'),
(3, 'Create Posts', 'create_posts'),
(4, 'Edit Posts', 'edit_posts'),
(5, 'Delete Posts', 'delete_posts'),
(6, 'Publish Posts', 'publish_posts'),
(7, 'Manage Pages', 'manage_pages'),
(8, 'Manage Categories', 'manage_categories'),
(9, 'Manage Tags', 'manage_tags'),
(10, 'Manage Media', 'manage_media'),
(11, 'Manage Menus', 'manage_menus'),
(12, 'Manage Banners', 'manage_banners'),
(13, 'Manage Sliders', 'manage_sliders'),
(14, 'Manage Themes', 'manage_themes'),
(15, 'Manage Users', 'manage_users'),
(16, 'Manage Roles', 'manage_roles'),
(17, 'Manage Comments', 'manage_comments'),
(18, 'Manage Settings', 'manage_settings'),
(19, 'Manage Security', 'manage_security'),
(20, 'Manage WAF', 'manage_waf');

INSERT IGNORE INTO role_permissions (role_id, permission_id)
SELECT 1, id FROM permissions;
INSERT IGNORE INTO role_permissions (role_id, permission_id)
SELECT 2, id FROM permissions WHERE slug <> 'manage_roles';
INSERT IGNORE INTO role_permissions (role_id, permission_id)
SELECT 3, id FROM permissions WHERE slug IN ('view_dashboard','manage_posts','create_posts','edit_posts','publish_posts','manage_pages','manage_categories','manage_tags','manage_media','manage_comments');
INSERT IGNORE INTO role_permissions (role_id, permission_id)
SELECT 4, id FROM permissions WHERE slug IN ('view_dashboard','create_posts','edit_posts','manage_media');

-- Prefer `npm run seed` for the default account because it hashes Admin@12345 with bcrypt at install time.
-- The app will authenticate bcrypt hashes generated by `database/seed.js`.

INSERT IGNORE INTO categories (id, name, slug, description) VALUES
(1, 'News', 'news', 'Latest articles and updates.');

INSERT IGNORE INTO tags (id, name, slug) VALUES
(1, 'NodePress', 'nodepress');

INSERT IGNORE INTO pages (title, slug, content, status, published_at) VALUES
('About Us', 'about', '<p>Welcome to NodePress CMS, a customizable blog platform.</p>', 'published', NOW()),
('Privacy Policy', 'privacy-policy', '<p>Update this privacy policy from the admin panel.</p>', 'published', NOW()),
('Terms and Conditions', 'terms-and-conditions', '<p>Update these terms from the admin panel.</p>', 'published', NOW());

INSERT IGNORE INTO menus (id, name, slug, location, active) VALUES
(1, 'Main Menu', 'main-menu', 'header', TRUE),
(2, 'Footer Menu', 'footer-menu', 'footer', TRUE);

INSERT IGNORE INTO menu_items (id, menu_id, parent_id, title, url, display_order, active) VALUES
(1, 1, NULL, 'Home', '/', 1, TRUE),
(2, 1, NULL, 'Blog', '/blog', 2, TRUE),
(3, 1, NULL, 'About', '/page/about', 3, TRUE),
(4, 1, NULL, 'Contact', '/contact', 4, TRUE),
(5, 1, 2, 'News Archive', '/category/news', 1, TRUE),
(6, 2, NULL, 'Mission Home', '/', 1, TRUE),
(7, 2, NULL, 'Articles', '/blog', 2, TRUE),
(8, 2, NULL, 'About NodePress', '/page/about', 3, TRUE),
(9, 2, NULL, 'Contact', '/contact', 4, TRUE),
(10, 2, NULL, 'Privacy Policy', '/page/privacy-policy', 5, TRUE),
(11, 2, NULL, 'Terms', '/page/terms-and-conditions', 6, TRUE);

INSERT IGNORE INTO banners (title, subtitle, button_text, button_link, display_order, active) VALUES
('Build and publish faster', 'A WordPress-like CMS powered by Node.js and MySQL.', 'Read Blog', '/blog', 1, TRUE);

INSERT IGNORE INTO sliders (title, description, button_text, button_url, display_order, active) VALUES
('Welcome to NodePress CMS', 'Manage posts, pages, media, menus, themes, and security from one dashboard.', 'Explore', '/blog', 1, TRUE);

INSERT IGNORE INTO themes (name, slug, active) VALUES
('Classic Blog Theme', 'classic-blog', TRUE),
('Modern News Theme', 'modern-news', FALSE),
('Minimal Personal Blog Theme', 'minimal-personal', FALSE);

INSERT IGNORE INTO theme_settings (theme_name, active) VALUES
('classic-blog', TRUE);

INSERT IGNORE INTO site_settings (`key`, `value`, `group`) VALUES
('site_title', 'NodePress CMS', 'general'),
('site_tagline', 'A modern blog CMS for Node.js', 'general'),
('site_logo', '', 'branding'),
('favicon', '', 'branding'),
('admin_email', 'admin@example.com', 'contact'),
('contact_email', 'contact@example.com', 'contact'),
('posts_per_page', '6', 'reading'),
('default_post_status', 'draft', 'writing'),
('maintenance_mode', 'false', 'security'),
('facebook_link', '', 'social'),
('youtube_link', '', 'social'),
('telegram_link', '', 'social'),
('linkedin_link', '', 'social');

INSERT IGNORE INTO security_settings (`key`, `value`, enabled) VALUES
('login_attempt_limiter', 'true', TRUE),
('csrf_protection', 'true', TRUE),
('xss_protection', 'true', TRUE),
('file_upload_validation', 'true', TRUE),
('admin_session_timeout', 'true', TRUE),
('force_strong_password', 'true', TRUE),
('two_factor_auth', 'false', FALSE),
('maintenance_mode', 'false', FALSE);
